player_id,goals,assists,minutes_played,minutes_per_g_a
3333,0,1,893,893.0
8198,1,0,520,520.0
14086,1,0,2038,2038.0
16306,4,3,2127,303.86
29241,0,2,2352,1176.0
29364,0,2,1783,891.5
33713,2,2,1133,283.25
42460,1,8,2111,234.56
43530,2,1,728,242.67
44779,1,0,1247,1247.0
51152,14,1,2016,134.4
51471,1,2,1705,568.33
52769,5,5,2144,214.4
53622,8,4,2359,196.58
58864,1,0,551,551.0
61560,1,0,233,233.0
61592,1,0,336,336.0
61651,0,2,2072,1036.0
61841,0,1,2948,2948.0
66934,1,0,878,878.0
67063,6,4,1856,185.6
67420,2,1,2049,683.0
68390,1,0,1663,1663.0
69633,1,8,2063,229.22
73564,0,1,1350,1350.0
74230,1,0,770,770.0
74810,3,2,3272,654.4
75067,1,0,1427,1427.0
77100,1,0,145,145.0
80444,1,0,792,792.0
82105,1,0,1093,1093.0
82873,9,8,3246,190.94
88755,7,16,2425,105.43
91845,10,6,2899,181.19
92571,0,1,2237,2237.0
92572,1,0,2255,2255.0
93128,2,1,1800,600.0
95810,1,7,3348,418.5
102017,2,1,2542,847.33
104124,5,3,1838,229.75
105470,0,1,3330,3330.0
106987,0,1,627,627.0
108354,4,3,2722,388.86
108725,3,0,1081,360.33
111051,1,0,751,751.0
111195,1,1,2193,1096.5
111422,0,3,766,255.33
111455,7,7,3004,214.57
118534,1,2,983,327.67
121477,1,0,2250,2250.0
123275,2,0,972,486.0
123682,18,5,1887,82.04
125314,1,0,724,724.0
126664,1,0,1500,1500.0
126665,0,1,2593,2593.0
127032,1,0,1949,1949.0
127187,5,2,1530,218.57
128901,1,1,2160,1080.0
129588,1,0,640,640.0
130164,0,1,3330,3330.0
130765,2,1,1405,468.33
131505,13,1,1943,138.79
131789,11,4,1212,80.8
131996,2,0,226,113.0
132098,30,3,3408,103.27
134270,1,0,3116,3116.0
134294,8,2,2348,234.8
134425,6,3,1902,211.33
135343,1,3,3210,802.5
135853,1,0,244,244.0
139208,3,1,2835,708.75
142310,0,1,990,990.0
143424,1,0,335,335.0
144028,8,12,3127,156.35
145466,1,0,2900,2900.0
145988,7,2,2294,254.89
148153,1,0,3240,3240.0
148367,1,4,1770,354.0
148455,19,12,3297,106.35
156501,0,1,1419,1419.0
157506,3,1,2547,636.75
157509,2,0,1990,995.0
157672,0,1,2139,2139.0
167799,4,5,3133,348.11
170934,0,1,1303,1303.0
171424,5,10,1924,128.27
171679,1,0,668,668.0
173504,1,1,3420,1710.0
175446,1,0,1262,1262.0
175722,2,1,2816,938.67
177476,1,0,1877,1877.0
181579,9,4,3372,259.38
181778,1,0,1322,1322.0
182712,2,1,1278,426.0
182877,6,2,980,122.5
182904,0,2,2027,1013.5
183288,1,2,2556,852.0
183293,0,1,1016,1016.0
183321,0,1,141,141.0
183334,4,2,1523,253.83
186186,4,1,2485,497.0
186590,2,2,1848,462.0
186644,1,1,2179,1089.5
188077,1,1,1841,920.5
191614,2,2,1233,308.25
192765,2,2,2290,572.5
193098,0,3,1335,445.0
193116,1,3,2698,674.5
197838,3,4,1852,264.57
199527,4,2,1243,207.17
202886,0,1,1542,1542.0
203394,4,6,2718,271.8
203460,5,7,2063,171.92
203853,1,2,2136,712.0
204103,2,1,1484,494.67
206040,0,1,841,841.0
206746,1,5,2575,429.17
207014,1,1,828,414.0
209212,7,7,2728,194.86
215876,1,1,453,226.5
217111,0,3,653,217.67
217115,1,0,2430,2430.0
225083,0,1,520,520.0
225122,1,1,709,354.5
225161,6,1,3023,431.86
225693,0,2,2677,1338.5
226973,3,4,2879,411.29
228645,0,1,797,797.0
228948,0,2,2230,1115.0
230784,3,0,2486,828.67
231572,0,1,2635,2635.0
234803,0,8,2590,323.75
238223,0,1,3150,3150.0
238266,1,0,944,944.0
240306,8,8,3320,207.5
241641,4,5,2202,244.67
242631,2,7,3382,375.78
246968,0,1,379,379.0
249089,0,2,1715,857.5
249565,3,2,2351,470.2
250426,2,1,1334,444.67
251664,20,4,2955,123.12
253341,1,0,562,562.0
253677,1,2,3150,1050.0
256977,6,0,1770,295.0
257455,3,0,3113,1037.67
258878,1,0,2084,2084.0
258889,6,7,2873,221.0
258923,17,5,2891,131.41
260827,1,0,2783,2783.0
262226,2,3,3257,651.4
262980,5,0,3255,651.0
270171,3,1,2210,552.5
272622,1,0,2009,2009.0
272642,1,5,1117,186.17
272999,11,2,2508,192.92
275590,4,0,1274,318.5
279455,2,3,1097,219.4
283628,2,3,2819,563.8
284730,0,1,2286,2286.0
284857,0,2,1678,839.0
285845,0,1,1404,1404.0
289446,2,0,596,298.0
289592,1,1,1555,777.5
290532,6,3,2071,230.11
292246,3,1,1127,281.75
292417,4,1,2511,502.2
292808,1,2,2787,929.0
294057,10,9,2486,130.84
295313,10,1,1411,128.27
295330,5,5,1121,112.1
298091,0,1,991,991.0
300716,0,1,777,777.0
306024,2,1,1175,391.67
309400,7,1,2579,322.38
314353,2,9,2931,266.45
314875,6,6,3237,269.75
315779,1,1,813,406.5
315867,3,0,928,309.33
315969,1,0,1151,1151.0
316125,2,2,1408,352.0
316264,15,7,3150,143.18
318523,2,2,1837,459.25
319301,2,1,968,322.67
319859,5,6,2831,257.36
320141,1,0,529,529.0
320411,7,1,2787,348.38
321247,5,2,2422,346.0
324358,15,6,3136,149.33
331560,0,1,653,653.0
332697,0,1,1441,1441.0
333241,6,2,2663,332.88
335721,2,5,3067,438.14
336869,1,2,2330,776.67
338070,0,4,767,191.75
339314,5,0,619,123.8
339556,0,2,3246,1623.0
340321,4,2,1383,230.5
340324,4,1,1071,214.2
340325,3,2,202,40.4
340329,3,6,2578,286.44
340950,7,4,1133,103.0
341051,1,0,2653,2653.0
343475,0,1,803,803.0
344152,5,2,1806,258.0
346483,3,2,1655,331.0
346707,1,4,2516,503.2
346779,5,3,1997,249.62
349066,10,1,1526,138.73
349599,1,6,2684,383.43
349701,0,1,3089,3089.0
354362,5,2,1506,215.14
355861,1,0,163,163.0
355915,0,1,2365,2365.0
357147,1,2,2155,718.33
357565,2,6,2921,365.12
357662,4,2,3272,545.33
357885,3,1,1503,375.75
361914,2,0,1595,797.5
363205,11,6,2075,122.06
365172,4,4,1179,147.38
366930,0,1,341,341.0
369684,3,1,1961,490.25
371256,1,0,738,738.0
374139,1,1,1367,683.5
378710,1,4,1006,201.2
379807,1,1,1175,587.5
387626,4,4,1984,248.0
388165,7,3,1600,160.0
392757,1,0,3330,3330.0
392765,0,2,162,81.0
392775,2,0,811,405.5
393323,1,3,2383,595.75
394327,0,1,1781,1781.0
396638,4,0,563,140.75
398065,13,1,2718,194.14
398402,1,0,307,307.0
399434,5,4,1749,194.33
401173,6,3,1700,188.89
406635,11,5,1842,115.12
406638,1,0,1496,1496.0
410708,2,1,2203,734.33
413039,9,8,2928,172.24
413220,0,1,1254,1254.0
415970,1,0,2216,2216.0
417346,5,7,2727,227.25
418560,36,8,2777,63.11
420002,2,0,754,377.0
421637,0,2,843,421.5
423744,0,1,1260,1260.0
425334,0,1,1821,1821.0
425902,0,2,1839,919.5
425918,1,0,427,427.0
429014,5,8,3330,256.15
431755,2,7,2079,231.0
433177,14,11,3194,127.76
433188,3,1,1039,259.75
434675,7,3,1465,146.5
435338,3,0,3411,1137.0
439072,2,0,455,227.5
442248,3,0,2700,900.0
444523,4,3,2172,310.29
447661,6,6,2932,244.33
448854,2,2,716,179.0
462250,4,0,942,235.5
463603,1,0,904,904.0
467563,0,2,1885,942.5
468198,2,0,1229,614.5
469781,2,0,2495,1247.5
470607,8,3,2941,267.36
472423,1,1,1244,622.0
473050,0,1,729,729.0
474701,4,2,1415,235.83
475188,2,2,2316,579.0
475411,1,0,1530,1530.0
476344,2,1,1736,578.67
476352,0,1,2220,2220.0
479999,10,4,2645,188.93
480116,0,2,2041,1020.5
480692,4,2,997,166.17
480762,1,0,2117,2117.0
485424,0,2,705,352.5
485706,1,2,2496,832.0
487465,0,1,970,970.0
488362,3,1,1616,404.0
490307,0,1,211,211.0
495666,2,1,2416,805.33
503680,1,0,1876,1876.0
503733,4,0,1921,480.25
503749,6,7,2646,203.54
503980,0,2,202,101.0
503987,1,0,646,646.0
504849,7,5,2318,193.17
505219,0,1,1440,1440.0
511550,1,0,219,219.0
512385,5,0,876,175.2
517894,2,0,972,486.0
520624,4,5,2734,303.78
525287,5,2,1101,157.29
532178,1,2,411,137.0
533916,0,1,603,603.0
534033,10,2,2886,240.5
537382,0,1,148,148.0
537598,1,2,501,167.0
537860,0,2,655,327.5
538977,0,1,264,264.0
543387,0,3,2786,928.67
546543,9,3,1698,141.5
553875,3,3,1136,189.33
557612,1,2,542,180.67
559263,2,0,341,170.5
560694,1,0,580,580.0
563963,0,1,1973,1973.0
564529,0,1,894,894.0
565822,1,2,1611,537.0
566723,2,11,2756,212.0
567576,0,1,398,398.0
568005,0,1,169,169.0
568177,0,1,358,358.0
568693,0,1,213,213.0
571743,1,1,287,143.5
576024,9,0,1454,161.56
578391,1,0,1070,1070.0
583189,0,1,421,421.0
583255,1,0,251,251.0
584769,7,3,2499,249.9
591949,0,1,1931,1931.0
601883,1,1,2478,1239.0
602105,4,2,1818,303.0
606718,1,0,981,981.0
614258,0,2,1220,610.0
627626,2,4,1351,225.17
628451,1,0,2231,2231.0
633530,0,1,1456,1456.0
644401,0,1,316,316.0
648046,6,2,950,118.75
648195,0,2,1551,775.5
649020,0,1,407,407.0
655488,15,5,2805,140.25
660867,4,2,800,133.33
684210,3,1,1247,311.75
687626,1,1,3141,1570.5
698678,0,1,1315,1315.0
730893,0,2,2896,1448.0
735570,1,0,651,651.0
746695,2,1,967,322.33
748319,4,2,1034,172.33
808509,3,2,981,196.2
811779,3,2,561,112.2
823231,1,3,1245,311.25
864799,1,0,529,529.0
983989,1,1,562,281.0
7663,0,2,471,235.5
18644,1,2,755,251.67
18922,19,3,2044,92.91
20005,1,1,1063,531.5
20506,1,1,1373,686.5
27992,4,3,1744,249.14
30321,3,4,2165,309.29
31909,2,4,2164,360.67
32467,1,3,1790,447.5
34601,2,3,945,189.0
35518,2,5,1958,279.71
38253,23,7,2852,95.07
39152,2,0,597,298.5
46413,8,1,1809,201.0
48280,5,2,1459,208.43
50202,0,1,194,194.0
51174,0,1,1581,1581.0
51510,1,0,396,396.0
54235,0,4,1692,423.0
58884,1,1,1632,816.0
59016,1,3,1839,459.75
59323,9,0,1073,119.22
59344,1,0,1076,1076.0
59561,3,4,3289,469.86
60410,3,2,1913,382.6
61812,1,2,2406,802.0
63494,3,0,1963,654.33
64598,1,1,1226,613.0
65230,0,4,2348,587.0
65318,0,1,2610,2610.0
66100,2,0,2952,1476.0
66106,4,3,2415,345.0
67808,1,0,684,684.0
69751,2,3,1418,283.6
72047,12,4,2866,179.12
73185,3,0,630,210.0
74229,0,3,2560,853.33
74294,3,1,2777,694.25
74869,1,0,750,750.0
76746,1,1,1958,979.0
81999,16,2,2989,166.06
82503,0,1,1790,1790.0
85288,0,2,803,401.5
85370,4,1,1302,260.4
85383,3,2,2470,494.0
86202,1,0,2411,2411.0
88490,0,3,1020,340.0
89731,1,1,957,478.5
89733,3,0,1574,524.67
93935,1,0,1439,1439.0
93936,2,0,997,498.5
95641,1,1,1048,524.0
95732,10,2,2469,205.75
96718,1,5,2825,470.83
99343,0,1,708,708.0
99353,0,3,1760,586.67
100131,3,0,2452,817.33
102423,0,1,2672,2672.0
109256,3,1,892,223.0
111630,6,0,1845,307.5
111961,2,4,1060,176.67
112515,1,0,1162,1162.0
115333,1,0,1427,1427.0
119905,0,1,2172,2172.0
122155,2,1,716,238.67
125165,1,0,109,109.0
125781,15,17,2860,89.38
126737,4,0,920,230.0
126751,0,1,2458,2458.0
127108,4,0,2569,642.25
127189,0,2,1000,500.0
128223,13,2,1906,127.07
129444,3,1,1658,414.5
131275,1,1,1440,720.0
131506,2,0,236,118.0
135492,1,1,1681,840.5
138803,2,1,702,234.0
138927,0,2,1789,894.5
139435,3,7,2114,211.4
140776,7,3,2330,233.0
142021,6,4,3326,332.6
142031,0,1,2450,2450.0
143559,1,0,903,903.0
145769,6,1,1336,190.86
148928,3,1,1087,271.75
149231,3,2,1728,345.6
149498,1,0,1504,1504.0
157036,0,1,515,515.0
158863,1,0,1339,1339.0
162038,4,0,804,201.0
162056,4,3,1877,268.14
166677,1,7,2413,301.62
167721,8,2,1722,172.2
167850,5,0,836,167.2
170472,0,2,1727,863.5
175449,3,2,2465,493.0
176140,0,1,3158,3158.0
177452,1,1,398,199.0
177467,7,3,1231,123.1
178425,0,2,1493,746.5
181547,2,0,648,324.0
182579,1,1,1184,592.0
184779,1,0,702,702.0
188854,0,1,818,818.0
189441,4,0,1164,291.0
192009,1,2,1241,413.67
193098,0,3,1350,450.0
193784,0,1,2647,2647.0
195171,4,0,1368,342.0
196948,1,1,1764,882.0
197122,0,1,1718,1718.0
197135,0,1,641,641.0
202984,2,1,1624,541.33
203043,0,1,2025,2025.0
203496,2,3,966,193.2
205562,1,3,1257,314.25
207917,0,1,1296,1296.0
211251,0,2,598,299.0
212391,1,1,1918,959.0
213260,2,2,1154,288.5
213670,1,0,2488,2488.0
214775,3,1,2149,537.25
216240,0,1,1496,1496.0
216464,1,0,623,623.0
221150,0,1,2843,2843.0
221309,1,2,2049,683.0
221311,1,1,1118,559.0
221316,4,2,1141,190.17
221321,1,0,2158,2158.0
221322,1,4,2715,543.0
221899,5,2,1743,249.0
222805,3,0,2999,999.67
223725,3,1,2520,630.0
225593,6,1,1873,267.57
226261,1,0,1689,1689.0
227961,1,1,435,217.5
229804,0,1,1449,1449.0
235412,1,0,1609,1609.0
238407,12,3,2398,159.87
238868,0,1,1283,1283.0
246968,3,2,1396,279.2
247250,3,0,2049,683.0
247652,1,0,740,740.0
250845,2,1,2421,807.0
251106,14,3,2987,175.71
251876,2,3,2977,595.4
252677,7,0,1204,172.0
254037,0,1,2204,2204.0
255488,1,1,2337,1168.5
255501,0,1,1323,1323.0
255508,10,3,2852,219.38
255755,0,2,1426,713.0
255901,2,7,1935,215.0
256267,15,3,2953,164.06
256429,3,0,2435,811.67
257062,5,5,2896,289.6
257376,0,2,2657,1328.5
261504,1,6,2341,334.43
263727,0,1,1594,1594.0
264372,3,6,1494,166.0
266795,4,1,1126,225.2
266807,9,2,1449,131.73
268670,1,6,2744,392.0
277533,1,3,1070,267.5
278296,2,4,2766,461.0
278359,15,3,2381,132.28
280701,4,3,1951,278.71
281404,0,1,267,267.0
281755,0,1,1305,1305.0
281769,3,2,2112,422.4
281989,0,3,1863,621.0
282410,1,1,919,459.5
282411,1,2,1712,570.67
282694,0,1,255,255.0
282722,1,1,720,360.0
282727,3,2,2033,406.6
282810,3,5,2146,268.25
283196,0,1,196,196.0
284854,2,2,2126,531.5
284884,2,1,1768,589.33
288230,5,7,1415,117.92
288318,4,3,2644,377.71
290249,0,1,1000,1000.0
291417,0,1,1357,1357.0
294808,1,1,977,488.5
295622,0,1,497,497.0
296622,9,6,1434,95.6
296783,4,0,1114,278.5
298575,1,6,1315,187.86
298583,1,0,1675,1675.0
298589,2,0,2683,1341.5
298975,1,0,627,627.0
298976,8,2,2776,277.6
300168,3,3,2574,429.0
307519,0,1,1855,1855.0
309110,8,4,2416,201.33
311044,0,4,3123,780.75
315762,0,2,1488,744.0
319745,0,4,1569,392.25
320271,1,0,908,908.0
326330,2,4,2538,423.0
327126,1,0,211,211.0
330659,6,1,1450,207.14
331496,0,2,957,478.5
333361,1,0,1486,1486.0
334222,7,3,2472,247.2
335225,1,0,1074,1074.0
337066,1,3,2251,562.75
337715,3,0,422,140.67
338285,0,1,3151,3151.0
338424,2,9,2498,227.09
338425,4,2,2301,383.5
339699,0,2,923,461.5
339816,4,0,2073,518.25
339820,2,1,1219,406.33
340205,6,1,1421,203.0
340853,1,0,2395,2395.0
341110,0,4,1895,473.75
341227,3,2,1475,295.0
341264,2,3,3399,679.8
341272,0,3,1875,625.0
341278,3,4,1594,227.71
342385,1,0,2877,2877.0
343463,8,3,1469,133.55
346289,3,0,2449,816.33
348795,2,3,1128,225.6
349066,1,0,154,154.0
351478,4,1,1215,243.0
353032,1,1,2050,1025.0
355627,1,0,2298,2298.0
355628,1,1,2547,1273.5
355861,2,0,476,238.0
356197,0,3,1636,545.33
357884,0,1,1617,1617.0
358115,0,1,1215,1215.0
358250,3,0,3121,1040.33
361254,6,0,1297,216.17
362086,9,5,2991,213.64
369081,7,4,2510,228.18
371998,10,10,2833,141.65
372246,1,0,243,243.0
375382,2,4,2550,425.0
377219,2,1,269,89.67
378293,2,2,964,241.0
380598,3,2,2471,494.2
384060,1,0,539,539.0
387687,3,0,1589,529.67
390688,1,0,2143,2143.0
398184,4,2,1382,230.33
399776,1,0,3055,3055.0
401530,5,1,2704,450.67
401922,6,5,2348,213.45
402733,0,3,1521,507.0
405398,9,7,2454,153.38
408471,7,2,2349,261.0
410185,1,0,236,236.0
411295,7,7,2084,148.86
411975,1,3,2428,607.0
412363,9,9,2381,132.28
413112,0,4,2120,530.0
422466,1,2,1117,372.33
423440,1,3,3102,775.5
423443,1,2,1122,374.0
423444,0,2,2863,1431.5
424042,4,2,2872,478.67
424784,4,5,1480,164.44
429983,4,4,1709,213.62
433049,8,1,1658,184.22
438001,0,1,3012,3012.0
442552,0,1,889,889.0
448628,0,3,3162,1054.0
449496,1,2,1882,627.33
449796,1,1,3106,1553.0
455349,0,1,65,65.0
457221,2,7,2861,317.89
461617,4,4,2188,273.5
462250,4,3,649,92.71
466794,1,0,1415,1415.0
466805,1,1,1409,704.5
466810,7,4,1382,125.64
468309,0,1,927,927.0
480267,0,2,1804,902.0
480763,1,0,1961,1961.0
481084,1,0,436,436.0
485963,1,3,1176,294.0
495625,1,0,964,964.0
495629,1,4,1634,326.8
503991,0,2,2121,1060.5
505674,6,5,2413,219.36
506248,2,2,1159,289.75
517842,0,1,1756,1756.0
517894,0,2,370,185.0
518644,3,2,1395,279.0
520840,1,0,2215,2215.0
522784,13,1,2620,187.14
524000,1,0,2374,2374.0
525299,2,4,2397,399.5
525578,1,0,1267,1267.0
527350,0,2,630,315.0
527698,1,2,2316,772.0
536030,1,0,759,759.0
537382,2,2,922,230.5
538810,1,0,705,705.0
538996,1,0,1370,1370.0
544106,0,1,2567,2567.0
548111,6,3,1943,215.89
552425,1,3,2443,610.75
557147,1,0,461,461.0
557149,6,7,2843,218.69
568157,4,6,2464,246.4
570421,1,2,1246,415.33
571020,10,2,2555,212.92
573775,1,1,1376,688.0
574772,6,0,712,118.67
577486,2,0,1504,752.0
580560,0,1,1189,1189.0
585700,1,0,174,174.0
592735,1,7,2309,288.62
596122,0,2,356,178.0
598765,1,1,1127,563.5
616369,3,1,872,218.0
617074,0,2,1005,502.5
617081,3,1,449,112.25
618809,0,3,2117,705.67
623521,1,0,434,434.0
627226,2,1,639,213.0
627228,1,2,1151,383.67
628494,0,1,24,24.0
630995,2,4,1606,267.67
634105,1,0,80,80.0
634131,3,6,2022,224.67
634427,1,0,250,250.0
636688,1,6,2476,353.71
640428,0,1,2002,2002.0
646740,2,4,2545,424.17
649016,7,2,1273,141.44
657430,1,2,1986,662.0
663581,1,1,2433,1216.5
669511,1,0,8,8.0
670847,1,2,578,192.67
683840,6,1,1982,283.14
694928,6,2,2899,362.38
699704,11,4,2313,154.2
705813,0,2,890,445.0
709187,6,5,2676,243.27
711625,3,1,1492,373.0
724520,4,2,1511,251.83
730581,1,0,1448,1448.0
739315,0,1,502,502.0
745461,1,0,55,55.0
766583,1,1,369,184.5
775605,0,1,714,714.0
776890,12,4,1602,100.12
783396,1,1,1651,825.5
785353,0,1,1059,1059.0
800175,1,3,1811,452.75
826224,3,4,2736,390.86
831161,0,2,871,435.5
834764,1,0,603,603.0
948275,1,1,75,37.5
1027993,0,1,44,44.0
16136,1,2,3300,1100.0
18934,1,1,1329,664.5
23951,0,1,3016,3016.0
25557,2,1,2708,902.67
27389,10,1,2103,191.18
28003,16,16,2842,88.81
33829,1,0,2592,2592.0
37647,4,3,827,118.14
37838,1,0,1462,1462.0
40433,14,3,2698,158.71
44421,1,0,1792,1792.0
46001,2,0,1924,962.0
47713,1,0,761,761.0
50057,1,2,1588,529.33
51118,0,1,1600,1600.0
60540,2,1,667,222.33
60542,1,0,1460,1460.0
68290,13,11,1552,64.67
72121,4,3,2607,372.43
82009,3,3,637,106.17
84301,1,2,2920,973.33
89450,0,1,585,585.0
91473,0,1,1696,1696.0
93678,1,0,252,252.0
93720,27,5,2937,91.78
94005,4,1,2219,443.8
98262,0,1,630,630.0
98349,2,3,1087,217.4
102744,0,1,775,775.0
103565,4,1,1642,328.4
111038,0,1,795,795.0
113707,7,10,2535,149.12
118278,4,2,2420,403.33
118284,1,2,2748,916.0
118303,1,1,665,332.5
119104,1,1,1692,846.0
122797,6,1,1729,247.0
124028,2,2,1785,446.25
125783,1,1,1633,816.5
126552,2,0,503,251.5
126557,1,3,2830,707.5
126719,1,4,1645,329.0
127048,0,1,56,56.0
127156,12,4,2561,160.06
131225,1,3,2994,748.5
131827,0,1,298,298.0
131978,4,2,921,153.5
134277,1,0,1762,1762.0
135617,1,1,2062,1031.0
138055,2,0,2658,1329.0
138171,2,2,1301,325.25
139279,1,0,2217,2217.0
141050,2,0,2411,1205.5
146854,19,6,2128,85.12
149518,1,1,1329,664.5
149579,3,3,2175,362.5
149928,3,2,3216,643.2
157501,6,0,1487,247.83
159098,4,1,1830,366.0
164771,4,3,2863,409.0
165793,1,4,724,144.8
166237,0,1,49,49.0
167472,0,1,1077,1077.0
170929,0,2,1656,828.0
170961,0,2,1077,538.5
170966,1,1,736,368.0
174094,1,2,1431,477.0
174196,0,2,1419,709.5
174304,0,1,103,103.0
174694,7,5,2359,196.58
174915,1,1,990,495.0
175014,6,5,1700,154.55
175639,2,10,2602,216.83
178313,3,1,1301,325.25
179806,2,0,1979,989.5
181378,15,3,2871,159.5
181767,2,1,2719,906.33
182893,7,5,3079,256.58
182916,5,0,635,127.0
190393,1,2,2050,683.33
199704,1,2,3330,1110.0
201737,0,2,2696,1348.0
202278,2,2,1684,421.0
203348,5,0,2850,570.0
203507,4,3,2249,321.29
203938,5,8,2892,222.46
204072,0,1,354,354.0
206717,0,1,869,869.0
206912,0,1,507,507.0
207877,1,1,1233,616.5
208172,0,2,3120,1560.0
212804,3,0,1010,336.67
214532,0,3,1425,475.0
215114,0,1,1982,1982.0
215977,5,8,2737,210.54
220878,1,3,2835,708.75
221025,3,2,1628,325.6
221151,1,0,253,253.0
221873,1,2,2262,754.0
222859,1,2,1089,363.0
222876,0,3,1000,333.33
229004,3,0,867,289.0
229006,6,5,2544,231.27
229853,2,0,3404,1702.0
232271,4,3,838,119.71
234802,4,1,1320,264.0
237662,12,2,1854,132.43
238185,2,0,60,30.0
238626,0,1,2350,2350.0
238639,6,0,1662,277.0
239743,5,3,2840,355.0
241501,2,1,3123,1041.0
245537,4,4,2493,311.62
249730,3,0,2160,720.0
250013,1,1,864,432.0
250844,1,2,2681,893.67
258027,2,0,706,353.0
260316,4,3,1442,206.0
263236,1,3,3234,808.5
263918,8,7,2483,165.53
263951,1,2,1660,553.33
266359,7,10,3086,181.53
267147,1,1,2017,1008.5
270051,1,1,3155,1577.5
270411,7,4,2034,184.91
274862,5,4,2358,262.0
276896,2,2,1886,471.5
277635,1,1,2669,1334.5
282250,0,1,1199,1199.0
283227,0,2,2996,1498.0
283994,1,0,771,771.0
285323,2,0,1813,906.5
286415,0,2,2925,1462.5
288225,7,5,2818,234.83
289802,5,4,1869,207.67
290593,1,2,1054,351.33
292818,6,7,2789,214.54
297070,1,4,2531,506.2
297212,1,0,1418,1418.0
306166,5,4,2015,223.89
308133,2,1,1067,355.67
313094,0,2,2456,1228.0
315110,7,4,2887,262.45
321647,10,4,2242,160.14
324795,2,1,1826,608.67
324811,9,5,2420,172.86
325223,12,4,2671,166.94
326300,0,1,864,864.0
327863,1,0,2320,2320.0
332560,4,3,2205,315.0
332889,1,2,3036,1012.0
333383,0,1,1183,1183.0
337798,1,2,1317,439.0
339943,2,1,886,295.33
340177,0,1,1761,1761.0
340328,4,2,1290,215.0
341647,5,4,2495,277.22
341705,2,0,420,210.0
342229,29,6,2822,80.63
343052,6,1,1529,218.43
344576,2,1,2428,809.33
344864,0,2,2513,1256.5
344888,20,1,2880,137.14
344892,2,0,1883,941.5
345748,0,2,1628,814.0
348026,0,3,1133,377.67
348791,6,5,2931,266.45
350219,3,2,1898,379.6
351843,1,0,2650,2650.0
352392,0,1,1761,1761.0
353365,1,0,627,627.0
353399,6,7,1430,110.0
353403,0,2,2400,1200.0
353404,3,1,1385,346.25
354352,0,1,1465,1465.0
354726,7,10,3065,180.29
357072,5,5,1933,193.3
362108,0,1,831,831.0
364525,1,0,696,696.0
364857,1,3,2579,644.75
368887,21,4,2532,101.28
368891,4,0,3129,782.25
369267,1,0,2224,2224.0
370791,0,1,1761,1761.0
370846,0,2,1746,873.0
371003,1,0,29,29.0
371142,1,0,227,227.0
371256,6,3,1116,124.0
371554,0,1,1064,1064.0
372246,3,3,1185,197.5
372712,0,2,1303,651.5
374040,0,3,2462,820.67
375137,0,2,1100,550.0
377393,5,5,2773,277.3
378953,1,1,1579,789.5
379168,1,0,1313,1313.0
384593,5,3,774,96.75
385105,0,1,1258,1258.0
386047,3,3,3330,555.0
386726,1,1,202,101.0
387106,2,6,1664,208.0
392770,2,6,2837,354.62
393238,10,5,2479,165.27
393239,0,2,887,443.5
395237,4,7,2778,252.55
395242,4,6,1996,199.6
395685,0,4,2442,610.5
395693,1,1,521,260.5
398073,5,4,2052,228.0
400485,1,2,1066,355.33
410185,0,1,650,650.0
412671,1,0,181,181.0
412932,3,0,288,96.0
414908,7,4,2707,246.09
416108,1,0,777,777.0
418659,15,5,2801,140.05
419648,0,1,424,424.0
420064,1,9,2899,289.9
420465,2,1,2021,673.67
422281,7,4,1974,179.45
422986,2,0,637,318.5
424072,2,2,1269,317.25
424784,3,1,290,72.5
427161,3,0,424,141.33
428954,2,0,1068,534.0
442891,9,4,1329,102.23
450050,2,9,2429,220.82
462348,8,3,1934,175.82
463603,2,0,839,419.5
463605,3,0,2655,885.0
463618,2,4,2558,426.33
465830,2,4,2110,351.67
468066,3,1,1527,381.75
470618,0,1,652,652.0
474662,1,2,1688,562.67
474800,2,4,2785,464.17
485963,1,1,483,241.5
485965,2,1,1275,425.0
486049,6,2,1285,160.62
487469,2,3,2460,492.0
490223,7,1,1567,195.88
490417,2,0,1145,572.5
490426,4,4,2078,259.75
491616,2,1,1616,538.67
493702,1,0,634,634.0
496706,1,2,3420,1140.0
496857,3,5,1054,131.75
500689,3,2,1257,251.4
503770,21,3,3012,125.5
531949,5,3,2575,321.88
532169,0,1,258,258.0
533738,24,4,3179,113.54
535834,1,0,1170,1170.0
535955,6,0,2350,391.67
536508,0,1,1120,1120.0
537127,1,1,536,268.0
538874,18,3,2954,140.67
538964,12,1,2368,182.15
538998,0,1,265,265.0
543051,3,2,785,157.0
543382,0,3,2200,733.33
554251,1,1,1800,900.0
555076,5,4,1734,192.67
557613,1,2,1803,601.0
557939,3,3,2838,473.0
560593,1,2,1882,627.33
566823,1,1,1315,657.5
568702,0,2,563,281.5
569140,1,3,1567,391.75
569383,0,1,943,943.0
569384,0,1,1098,1098.0
569388,1,0,1900,1900.0
569389,2,4,2046,341.0
569390,1,4,1663,332.6
569598,2,2,3089,772.25
570817,0,1,1042,1042.0
572326,0,1,1173,1173.0
575998,0,1,2642,2642.0
579930,1,1,269,134.5
585959,7,5,2700,225.0
585973,1,2,1934,644.67
586853,2,0,458,229.0
592979,2,2,2141,535.25
593482,1,0,1764,1764.0
594991,4,1,639,127.8
607223,4,6,1871,187.1
616341,1,6,1554,222.0
618472,2,0,2986,1493.0
620322,0,1,1600,1600.0
624037,0,6,2466,411.0
624920,0,1,190,190.0
627163,6,1,2510,358.57
633992,5,5,3043,304.3
646733,1,1,2247,1123.5
648020,3,0,1610,536.67
649033,0,2,1378,689.0
649452,1,0,1020,1020.0
654415,1,0,246,246.0
654539,0,6,1960,326.67
659542,19,6,2531,101.24
659543,3,2,1790,358.0
668606,1,0,33,33.0
671145,0,1,838,838.0
671594,2,2,1153,288.25
674612,1,0,566,566.0
680447,0,1,179,179.0
683895,0,3,2389,796.33
688707,1,1,2897,1448.5
690799,2,1,3316,1105.33
694509,0,2,1218,609.0
707242,0,4,862,215.5
708265,5,9,1437,102.64
708678,1,0,2040,2040.0
709482,0,2,2159,1079.5
709726,3,4,1155,165.0
711969,0,1,252,252.0
711999,0,1,1328,1328.0
717118,1,1,779,389.5
719442,1,3,1408,352.0
730581,0,1,90,90.0
737781,10,3,2078,159.85
743498,4,2,1765,294.17
745178,1,0,219,219.0
746695,1,0,316,316.0
748382,1,1,536,268.0
750903,0,1,805,805.0
766412,2,2,1448,362.0
776798,5,2,1833,261.86
782476,1,1,1083,541.5
782630,0,2,702,351.0
786436,1,1,2301,1150.5
789082,1,4,2219,443.8
802747,0,2,124,62.0
806168,0,1,868,868.0
807165,1,0,1503,1503.0
810092,2,0,917,458.5
810895,4,1,1061,212.2
822458,4,1,1536,307.2
823231,6,6,1553,129.42
829874,1,0,166,166.0
842338,1,1,1093,546.5
842425,1,0,17,17.0
855015,5,5,2345,234.5
860056,0,1,503,503.0
876631,3,3,1628,271.33
884072,1,1,443,221.5
891379,0,1,94,94.0
891998,0,1,519,519.0
914562,3,1,1113,278.25
951579,0,2,1317,658.5
973085,0,2,472,236.0
980576,3,1,1244,311.0
1053240,1,0,490,490.0
3455,1,0,144,144.0
22328,1,1,807,403.5
25488,7,5,2734,227.83
28396,9,4,1724,132.62
29605,8,0,1051,131.38
32113,1,1,2476,1238.0
33571,1,0,667,667.0
38607,2,3,2037,407.4
39983,1,0,873,873.0
41384,10,1,1536,139.64
45314,1,0,1077,1077.0
45320,4,4,1364,170.5
49275,0,2,1731,865.5
49499,2,1,777,259.0
53536,1,0,1197,1197.0
54581,2,2,639,159.75
54906,1,2,2039,679.67
55282,0,1,1440,1440.0
55735,3,2,2000,400.0
55769,0,2,740,370.0
57280,5,3,1916,239.5
60889,0,1,1490,1490.0
63186,1,3,1326,331.5
65278,4,5,1895,210.56
67556,1,1,1362,681.0
70411,4,6,2257,225.7
72441,2,1,2791,930.33
73794,2,3,1393,278.6
73926,2,3,1489,297.8
74683,2,3,1838,367.6
75942,0,2,2566,1283.0
76274,1,0,542,542.0
79960,0,1,1787,1787.0
82048,4,4,736,92.0
82442,13,5,2145,119.17
84765,6,4,2991,299.1
87884,0,7,1762,251.71
88680,2,0,2360,1180.0
88683,1,0,566,566.0
88684,1,0,423,423.0
88909,4,4,1207,150.88
91970,1,3,2084,521.0
92899,1,0,354,354.0
94307,3,0,2192,730.67
94529,7,3,1520,152.0
96341,10,6,1664,104.0
101213,0,1,879,879.0
103427,3,1,2807,701.75
104597,0,1,2042,2042.0
105521,12,5,2225,130.88
111196,1,0,1949,1949.0
112302,5,8,2831,217.77
112343,7,3,2360,236.0
115763,1,1,1945,972.5
118689,1,4,1651,330.2
119228,3,4,1069,152.71
121985,1,0,934,934.0
124555,2,5,2555,365.0
125020,1,0,756,756.0
126414,3,6,2374,263.78
128220,6,7,2442,187.85
129476,2,6,1218,152.25
129674,0,1,2672,2672.0
130360,5,0,1091,218.2
131075,0,1,2420,2420.0
131731,1,3,2791,697.75
131951,1,1,1577,788.5
133179,3,3,2964,494.0
134936,1,1,204,102.0
136514,2,0,1106,553.0
143812,2,0,1684,842.0
144143,0,1,1473,1473.0
145707,3,3,3182,530.33
146680,0,1,332,332.0
146752,5,2,2463,351.86
148368,2,1,1018,339.33
156617,3,5,1778,222.25
159372,9,6,2966,197.73
160986,1,0,2131,2131.0
161011,3,8,2579,234.45
163222,2,1,1166,388.67
163639,2,0,1425,712.5
164913,0,2,2370,1185.0
165513,0,1,1801,1801.0
165895,3,3,1165,194.17
166237,1,0,966,966.0
167727,0,2,1136,568.0
169880,3,4,3257,465.29
170481,1,1,1360,680.0
173859,4,2,1476,246.0
174733,1,0,1385,1385.0
177843,12,7,1872,98.53
181136,3,9,2309,192.42
182581,4,1,2274,454.8
182906,0,1,1979,1979.0
182913,8,4,2751,229.25
183031,1,0,2423,2423.0
183841,0,2,1524,762.0
184894,1,0,1104,1104.0
186368,0,3,1376,458.67
187384,1,0,966,966.0
187587,3,2,987,197.4
191891,7,1,1590,198.75
192638,1,1,1156,578.0
192735,1,1,3115,1557.5
192875,1,0,441,441.0
193867,0,1,1004,1004.0
195335,0,1,1410,1410.0
197491,0,1,2090,2090.0
197747,2,0,2925,1462.5
198116,4,5,2085,231.67
199248,1,1,2942,1471.0
199258,4,7,1668,151.64
199733,0,1,1941,1941.0
200056,1,1,1994,997.0
203842,0,1,547,547.0
205054,0,1,1751,1751.0
205938,5,2,1783,254.71
206050,12,7,1749,92.05
207877,1,2,549,183.0
208166,0,1,2948,2948.0
210178,1,0,2489,2489.0
216179,3,2,1628,325.6
216569,2,5,772,110.29
223974,6,2,2540,317.5
225873,1,0,1889,1889.0
227081,3,1,947,236.75
234523,12,4,2443,152.69
236041,1,0,2381,2381.0
236490,1,1,870,435.0
237658,1,1,1540,770.0
239802,0,2,2766,1383.0
240219,0,1,922,922.0
240934,2,0,2280,1140.0
241076,2,0,2833,1416.5
241527,2,2,1116,279.0
243879,1,0,2492,2492.0
245056,2,0,1193,596.5
245078,2,2,1464,366.0
248732,1,1,1634,817.0
250153,2,4,1966,327.67
251075,0,1,1504,1504.0
255450,4,6,2100,210.0
255838,6,6,2758,229.83
255942,6,7,2623,201.77
256361,3,0,995,331.67
256448,1,2,2864,954.67
257462,6,3,1528,169.78
257732,2,1,2449,816.33
257751,2,5,1197,171.0
259953,0,1,1659,1659.0
262523,1,5,1695,282.5
265088,0,2,2458,1229.0
266302,9,8,3029,178.18
266795,0,1,556,556.0
268178,1,1,2173,1086.5
268429,5,6,2349,213.55
272261,2,0,2724,1362.0
272812,2,0,1535,767.5
273132,3,0,1173,391.0
275303,1,1,1401,700.5
277167,1,0,2220,2220.0
278531,2,0,3138,1569.0
282388,4,1,386,77.2
283735,10,7,2783,163.71
284595,2,5,3065,437.86
286297,4,5,2557,284.11
286949,2,0,787,393.5
287579,0,1,2004,2004.0
292772,1,0,2963,2963.0
293200,5,6,2731,248.27
295183,2,4,2540,423.33
295331,1,6,1822,260.29
296422,1,0,518,518.0
297645,0,1,279,279.0
298635,2,1,1281,427.0
301238,0,1,3330,3330.0
303116,2,1,716,238.67
303254,1,1,2764,1382.0
308279,2,4,1954,325.67
309944,2,4,1928,321.33
310458,0,1,1533,1533.0
311178,1,3,1785,446.25
313477,1,1,709,354.5
313830,1,2,738,246.0
314678,6,7,1946,149.69
315853,0,2,2165,1082.5
315865,5,1,2174,362.33
316889,3,3,1612,268.67
316934,1,5,1221,203.5
317806,6,2,1594,199.25
321528,1,7,2223,277.88
322305,0,1,810,810.0
322655,0,2,2196,1098.0
323954,0,1,3199,3199.0
324282,2,2,2924,731.0
324377,0,1,1301,1301.0
324690,4,5,2007,223.0
324804,4,0,707,176.75
327757,4,5,2143,238.11
331401,0,1,1885,1885.0
331726,8,4,2194,182.83
332179,5,3,2939,367.38
332697,1,1,1057,528.5
334835,1,0,499,499.0
335147,0,1,690,690.0
336125,0,5,1714,342.8
336960,0,1,919,919.0
337725,4,4,1871,233.88
339808,4,3,2775,396.43
340394,2,0,1069,534.5
340707,2,2,2318,579.5
340879,1,0,1524,1524.0
341092,2,5,844,120.57
344072,0,1,2373,2373.0
345189,1,2,1848,616.0
347253,5,4,1922,213.56
347900,0,2,2516,1258.0
348601,1,1,2465,1232.5
351816,2,2,2012,503.0
351955,3,1,3330,832.5
354361,3,5,3062,382.75
354814,13,2,2653,176.87
355104,0,2,1117,558.5
357164,15,10,2430,97.2
357498,10,2,1932,161.0
357796,0,3,2254,751.33
357992,0,1,485,485.0
358008,1,1,70,35.0
358032,3,1,747,186.75
358166,1,1,1347,673.5
360518,10,4,2861,204.36
364133,2,1,456,152.0
364135,6,0,988,164.67
368482,11,4,2126,141.73
369674,3,3,2212,368.67
371851,3,2,2732,546.4
372809,0,1,360,360.0
373373,1,1,2172,1086.0
376514,2,2,1635,408.75
381950,2,3,1399,279.8
386446,1,2,2725,908.33
386455,0,2,832,416.0
386552,3,3,2901,483.5
386914,2,2,2592,648.0
386967,1,0,1000,1000.0
387234,0,1,604,604.0
388382,6,0,1814,302.33
389837,1,1,2436,1218.0
390160,1,0,971,971.0
390177,2,2,2524,631.0
390638,8,2,1427,142.7
391065,0,3,593,197.67
392085,1,0,896,896.0
392516,0,2,2486,1243.0
392538,2,0,878,439.0
392545,3,1,1057,264.25
392771,0,1,2648,2648.0
392959,4,1,940,188.0
392966,1,1,1465,732.5
394300,7,0,2891,413.0
394346,1,1,687,343.5
397033,2,7,2718,302.0
397225,2,2,1629,407.25
399543,3,0,1316,438.67
400489,6,3,1617,179.67
401527,0,3,2998,999.33
401529,1,4,2338,467.6
401923,26,5,2581,83.26
404260,1,2,926,308.67
405885,2,2,2295,573.75
406040,13,6,1732,91.16
406625,21,7,2574,91.93
410158,2,1,2487,829.0
412513,2,1,1036,345.33
413507,2,1,2136,712.0
413565,0,2,2901,1450.5
413605,7,2,2276,252.89
416386,2,0,634,317.0
418543,0,2,2329,1164.5
418559,1,3,856,214.0
428563,7,0,2321,331.57
430280,1,0,585,585.0
431811,1,2,505,168.33
432090,3,4,1521,217.29
432092,2,0,1144,572.0
435648,2,2,811,202.75
435772,0,1,1101,1101.0
445126,2,3,2791,558.2
449151,5,2,1508,215.43
450936,1,0,796,796.0
457673,8,4,2462,205.17
458777,0,1,691,691.0
459151,6,2,1280,160.0
459658,0,3,2170,723.33
459763,0,1,2430,2430.0
461019,0,2,1391,695.5
461496,0,4,2964,741.0
467992,2,1,2073,691.0
468301,1,1,589,294.5
470794,2,4,2170,361.67
486031,6,1,1354,193.43
486624,3,8,1969,179.0
487834,2,0,1949,974.5
487843,5,2,1517,216.71
489611,1,0,527,527.0
491693,2,0,2826,1413.0
496745,1,2,1399,466.33
497291,3,2,2308,461.6
502670,12,13,2539,101.56
503482,2,2,3054,763.5
503881,0,1,235,235.0
508371,0,2,504,252.0
516716,4,1,2640,528.0
524481,3,0,2796,932.0
525704,1,2,2274,758.0
528833,5,4,1850,205.56
532937,1,0,1809,1809.0
538974,1,0,50,50.0
539134,2,0,620,310.0
545538,2,1,1634,544.67
546880,0,3,1440,480.0
547985,2,2,2834,708.5
550108,2,1,2206,735.33
552549,4,1,1952,390.4
556385,3,4,2711,387.29
562049,1,0,987,987.0
564785,2,1,1128,376.0
567129,2,4,1354,225.67
569387,0,4,3104,776.0
571604,2,1,2343,781.0
571607,0,3,1233,411.0
577394,0,2,341,170.5
579930,7,6,2190,168.46
581672,1,1,311,155.5
585949,1,0,2543,2543.0
585982,6,5,3086,280.55
586756,0,1,401,401.0
587458,0,1,2137,2137.0
595809,10,1,2131,193.73
607854,1,1,2221,1110.5
608469,2,1,723,241.0
610442,9,4,1835,141.15
616631,0,1,825,825.0
623040,1,1,851,425.5
626913,16,6,2526,114.82
631007,0,1,816,816.0
640109,2,1,1708,569.33
641537,4,0,1788,447.0
644676,1,1,2399,1199.5
648779,2,2,2055,513.75
650966,0,1,58,58.0
668951,1,0,420,420.0
679754,0,1,104,104.0
692209,1,3,2207,551.75
725242,0,1,321,321.0
746891,1,1,223,111.5
769063,1,0,149,149.0
812625,1,1,350,175.0
872380,0,1,806,806.0
7161,12,10,2693,122.41
32711,1,0,150,150.0
35207,6,6,1352,112.67
36284,5,1,1825,304.17
38410,1,0,285,285.0
39025,0,1,843,843.0
39728,1,0,2019,2019.0
42783,2,1,391,130.33
42936,1,0,255,255.0
44466,4,1,1423,284.6
45660,10,2,1116,93.0
45683,1,0,640,640.0
46104,4,2,887,147.83
46580,12,3,2393,159.53
48298,8,7,1742,116.13
50512,2,1,807,269.0
53400,4,3,1369,195.57
53418,2,2,1368,342.0
55089,0,1,3060,3060.0
55099,0,1,2822,2822.0
57051,0,1,786,786.0
58358,7,8,1668,111.2
58396,1,1,1903,951.5
58995,2,5,2635,376.43
60957,2,2,633,158.25
70243,1,2,1554,518.0
72792,0,2,1297,648.5
73517,0,1,180,180.0
74842,3,2,2750,550.0
75489,16,5,2479,118.05
75921,0,6,1809,301.5
79377,0,2,1491,745.5
79967,3,2,1463,292.6
82097,0,1,2230,2230.0
85906,0,2,1237,618.5
89592,0,3,2407,802.33
89701,1,0,491,491.0
93604,2,1,1645,548.33
93704,1,0,1173,1173.0
93707,1,4,2748,549.6
93740,4,0,2951,737.75
93844,3,2,1641,328.2
94199,0,1,679,679.0
94201,2,3,2874,574.8
106270,6,10,2370,148.12
106405,0,1,2797,2797.0
106872,5,3,2608,326.0
106987,1,1,625,312.5
108537,0,2,2825,1412.5
108880,0,1,3060,3060.0
111078,6,4,1482,148.2
111266,2,3,2725,545.0
111275,0,1,698,698.0
116088,11,1,2605,217.08
117432,8,2,1536,153.6
117674,5,3,2776,347.0
118847,3,0,2293,764.33
118850,0,1,2450,2450.0
119037,8,2,2643,264.3
119211,2,10,2521,210.08
119234,10,3,2547,195.92
119277,6,4,1868,186.8
119296,2,1,1896,632.0
119557,1,2,971,323.67
120205,10,5,2175,145.0
124410,2,0,2888,1444.0
124502,4,1,3060,612.0
125103,12,8,2866,143.3
125614,1,3,630,157.5
125858,4,3,1547,221.0
127076,0,2,1323,661.5
129358,2,0,631,315.5
143798,1,1,1662,831.0
143891,1,0,1465,1465.0
145866,6,2,932,116.5
146310,5,5,2925,292.5
147043,0,3,873,291.0
148967,0,2,1043,521.5
152963,5,1,2046,341.0
153084,3,2,1737,347.4
153661,0,3,833,277.67
153678,0,3,1073,357.67
157635,2,1,397,132.33
159088,2,2,2410,602.5
159471,14,6,1941,97.05
159844,0,2,1284,642.0
160938,1,0,2712,2712.0
160968,1,0,2430,2430.0
161056,5,6,2814,255.82
166601,2,4,2117,352.83
167329,2,9,1779,161.73
168543,0,1,8,8.0
168989,2,2,1689,422.25
170527,9,4,1950,150.0
170986,4,12,2296,143.5
177779,5,1,2214,369.0
178459,6,1,1806,258.0
179635,3,9,1315,109.58
180337,4,1,918,183.6
181375,9,5,1233,88.07
182712,1,4,1013,202.6
183780,1,3,679,169.75
185077,15,5,2431,121.55
186988,3,1,478,119.5
187491,0,1,565,565.0
187492,9,8,2412,141.88
188888,11,7,2582,143.44
190284,1,2,2459,819.67
190289,1,1,931,465.5
191422,0,1,335,335.0
192565,8,7,2010,134.0
192635,3,0,2827,942.33
193004,1,2,2941,980.33
193782,1,0,316,316.0
193900,1,2,1569,523.0
195246,0,1,328,328.0
196095,4,0,513,128.25
196231,1,0,1244,1244.0
196357,1,0,2485,2485.0
196792,1,1,1896,948.0
198008,4,4,1741,217.62
200512,7,5,1431,119.25
202228,1,2,2268,756.0
202591,2,3,2188,437.6
212723,4,0,2651,662.75
215099,0,2,342,171.0
216181,0,1,400,400.0
221611,0,5,2050,410.0
222859,1,0,407,407.0
223967,3,0,1474,491.33
223979,1,1,1503,751.5
225657,1,0,2498,2498.0
226524,1,1,821,410.5
229005,1,0,476,476.0
232144,1,0,193,193.0
232320,0,1,1962,1962.0
232454,4,1,970,194.0
233782,2,1,879,293.0
234029,1,1,1458,729.0
236981,3,0,2558,852.67
237164,7,1,1425,178.12
241477,0,1,901,901.0
242086,3,1,941,235.25
243714,8,6,1419,101.36
244940,0,1,1575,1575.0
245744,3,2,1728,345.6
247555,0,3,2442,814.0
248999,5,2,1505,215.0
249157,2,1,922,307.33
250013,0,1,519,519.0
251309,1,3,1970,492.5
251878,5,3,1846,230.75
258039,3,3,1323,220.5
258883,0,1,2242,2242.0
261905,4,2,2032,338.67
269878,10,0,1319,131.9
270393,3,2,1353,270.6
270541,11,0,1653,150.27
272278,5,2,1891,270.14
272587,2,0,562,281.0
275249,3,0,1083,361.0
277179,0,10,2621,262.1
278332,1,0,1410,1410.0
278343,0,1,1449,1449.0
279009,6,5,1844,167.64
283196,1,0,395,395.0
283871,1,0,392,392.0
283994,6,1,1221,174.43
284248,1,0,1198,1198.0
284732,6,1,2487,355.29
287188,5,1,1722,287.0
287920,1,1,859,429.5
289182,3,8,1989,180.82
289835,3,3,1860,310.0
290587,7,1,2857,357.12
293169,0,1,269,269.0
293194,2,7,1959,217.67
293281,1,0,322,322.0
293385,2,5,1284,183.43
296397,5,1,1971,328.5
296879,6,1,1599,228.43
297583,1,2,639,213.0
303219,0,2,1806,903.0
303259,11,4,2407,160.47
307924,9,4,1689,129.92
314288,4,1,899,179.8
314398,7,4,1904,173.09
315332,0,1,568,568.0
318204,0,2,1688,844.0
318528,13,6,2518,132.53
321070,1,1,440,220.0
323831,2,2,1063,265.75
324278,7,7,2582,184.43
326029,9,7,1725,107.81
326031,3,1,2403,600.75
327251,5,3,2582,322.75
329723,1,0,402,402.0
332798,1,5,1003,167.17
333647,1,2,535,178.33
334221,2,1,1956,652.0
335103,3,8,2260,205.45
335457,8,6,2381,170.07
337333,0,1,2357,2357.0
338629,1,0,1927,1927.0
339829,1,0,371,371.0
340456,1,4,1073,214.6
341317,2,1,254,84.67
342039,0,2,677,338.5
342226,1,1,311,155.5
342405,4,6,1834,183.4
343959,4,0,2174,543.5
344069,1,4,2078,415.6
344381,16,6,1897,86.23
344695,0,2,2349,1174.5
345886,3,5,1134,141.75
346853,1,3,1520,380.0
353366,4,1,2431,486.2
353826,1,2,2015,671.67
353892,1,1,2561,1280.5
353948,5,3,2948,368.5
355369,4,3,1356,193.71
355816,0,2,1982,991.0
356141,9,7,2271,141.94
357156,0,1,2253,2253.0
357233,4,4,2144,268.0
358504,5,6,2449,222.64
361065,3,2,1657,331.4
361260,2,3,2393,478.6
362977,2,1,933,311.0
369567,0,3,236,78.67
370683,1,3,1498,374.5
370789,1,1,2571,1285.5
370998,0,1,229,229.0
371000,1,0,160,160.0
371141,1,0,1286,1286.0
371149,1,0,2693,2693.0
374954,1,2,1457,485.67
384553,1,0,1123,1123.0
387047,5,2,2217,316.71
388198,4,5,2256,250.67
388363,0,1,1845,1845.0
391004,6,0,1296,216.0
392163,0,1,416,416.0
392768,0,1,604,604.0
395516,9,9,2717,150.94
395523,2,0,1421,710.5
401578,4,2,1657,276.17
402008,2,2,1427,356.75
405393,1,0,383,383.0
405687,2,0,2528,1264.0
406640,3,6,1836,204.0
406973,2,0,203,101.5
407098,4,3,2071,295.86
413843,2,0,910,455.0
415912,2,1,2288,762.67
424204,1,4,2047,409.4
428791,1,0,79,79.0
429874,1,2,1287,429.0
432281,1,0,947,947.0
434224,1,0,1626,1626.0
435796,0,1,503,503.0
436585,0,1,234,234.0
443710,1,1,698,349.0
445939,5,1,1478,246.33
448177,4,2,823,137.17
448258,2,2,1477,369.25
451276,6,8,2453,175.21
453016,2,2,2035,508.75
456492,0,1,171,171.0
456535,0,1,1422,1422.0
467720,7,4,1134,103.09
472249,2,3,846,169.2
473050,1,0,172,172.0
475959,1,0,2170,2170.0
484547,8,6,2722,194.43
487969,15,14,2647,91.28
496094,6,6,1397,116.42
496767,1,0,409,409.0
500067,0,3,885,295.0
504215,7,2,610,67.78
513245,7,4,1694,154.0
518505,1,1,248,124.0
520468,0,2,1607,803.5
524285,1,3,698,174.5
532539,1,0,457,457.0
532776,5,5,1440,144.0
533295,4,8,1665,138.75
536482,3,1,1060,265.0
538971,2,2,1408,352.0
538977,2,2,1011,252.75
541231,1,0,696,696.0
546213,2,1,2717,905.67
548348,0,2,1978,989.0
552057,5,4,1287,143.0
557459,1,2,2970,990.0
564545,1,1,2873,1436.5
565435,0,4,1444,361.0
569349,0,1,90,90.0
569366,0,1,882,882.0
580195,12,13,2211,88.44
581678,8,5,2692,207.08
589737,1,2,346,115.33
597000,1,1,2019,1009.5
598577,1,6,1091,155.86
604327,0,1,18,18.0
606752,1,6,1329,189.86
608832,0,1,53,53.0
612826,5,2,2006,286.57
616344,3,4,1292,184.57
618350,3,3,1135,189.17
618425,4,0,316,79.0
624690,1,1,2620,1310.0
629588,1,0,692,692.0
644771,0,1,1519,1519.0
659813,1,1,2468,1234.0
666234,1,1,1457,728.5
668276,1,0,181,181.0
670882,3,1,527,131.75
678479,4,1,777,155.4
711517,1,3,510,127.5
795738,0,1,166,166.0
796213,2,0,93,46.5
798043,0,1,24,24.0
801734,5,0,397,79.4
820957,1,0,279,279.0
822959,0,1,310,310.0
905011,1,0,70,70.0
